name,duration
https://en.wikipedia.org/wiki/Software_metric,528.5
visible,0
https://en.wikipedia.org/w/load.php?lang=en&modules=ext.cite.styles%7Cext.uls.interlanguage%7Cext.visualEditor.desktopArticleTarget.noscript%7Cext.wikimediaBadges%7Cext.wikimediamessages.styles%7Cjquery.makeCollapsible.styles%7Cskins.vector.icons%2Cstyles%7Cskins.vector.search.codex.styles%7Cwikibase.client.init&only=styles&skin=vector-2022,58.700000000186265
https://en.wikipedia.org/w/load.php?lang=en&modules=startup&only=scripts&raw=1&skin=vector-2022,81.70000000018626
https://en.wikipedia.org/w/load.php?lang=en&modules=site.styles&only=styles&skin=vector-2022,81.29999999981374
https://en.wikipedia.org/static/images/icons/wikipedia.png,99.59999999962747
https://en.wikipedia.org/static/images/mobile/copyright/wikipedia-wordmark-en.svg,91.1000000005588
https://en.wikipedia.org/static/images/mobile/copyright/wikipedia-tagline-en.svg,103.79999999981374
long-animation-frame,177
https://en.wikipedia.org/w/load.php?modules=skins.vector.icons&image=menu&format=original&lang=en&skin=vector-2022&version=bx76m,42
https://en.wikipedia.org/w/load.php?modules=skins.vector.icons&image=search&format=original&lang=en&skin=vector-2022&version=bx76m,44.10000000055879
https://en.wikipedia.org/w/load.php?modules=skins.vector.icons&image=ellipsis&format=original&lang=en&skin=vector-2022&version=bx76m,44.69999999925494
https://en.wikipedia.org/w/load.php?modules=skins.vector.icons&image=listBullet&format=original&lang=en&skin=vector-2022&version=bx76m,44.299999999813735
https://en.wikipedia.org/w/load.php?modules=skins.vector.icons&image=language&variant=progressive&format=original&lang=en&skin=vector-2022&version=bx76m,43.89999999944121
https://en.wikipedia.org/w/skins/Vector/resources/skins.vector.styles/images/arrow-down-progressive.svg?5cd6d,43.299999999813735
https://en.wikipedia.org/w/skins/Vector/resources/skins.vector.styles/images/link-external-small-ltr-progressive.svg?fb64d,42.799999999813735
https://upload.wikimedia.org/wikipedia/commons/6/65/Lock-green.svg,149.5
https://upload.wikimedia.org/wikipedia/commons/4/4d/Icon_pdf_file.png,148.29999999981374
mwStartup,0
https://en.wikipedia.org/w/load.php?lang=en&modules=ext.gadget.ReferenceTooltips%2Cswitcher&skin=vector-2022&version=j1bg1,46.69999999925494
https://en.wikipedia.org/w/load.php?lang=en&modules=ext.visualEditor.core.utils.parsing%7Cext.visualEditor.desktopArticleTarget.init%7Cext.visualEditor.progressBarWidget%2CsupportCheck%2CtargetLoader%2CtempWikitextEditorWidget%2Ctrack%2Cve&skin=vector-2022&version=19n5q,50.799999999813735
https://en.wikipedia.org/w/load.php?lang=en&modules=ext.centralNotice.bannerHistoryLogger%2CchoiceData%2Cdisplay%2CgeoIP%2CimpressionDiet%2CkvStore%2ClargeBannerLimit%2ClegacySupport%2CstartUp%7Cext.centralauth.ForeignApi%2Ccentralautologin%7Cext.checkUser.clientHints%7Cext.cite.ux-enhancements%7Cext.cx.eventlogging.campaigns%7Cext.cx.model%7Cext.cx.uls.quick.actions%7Cext.echo.centralauth%7Cext.eventLogging%2CnavigationTiming%2Cpopups%2CwikimediaEvents%7Cext.growthExperiments.SuggestedEditSession%7Cext.uls.common%2Cinterface%2Cpreferences%2Cwebfonts%7Cext.urlShortener.toolbar%7Cjquery%2Coojs%2Csite%7Cjquery.client%2CmakeCollapsible%2CtextSelection%7Cjquery.uls.data%7Cmediawiki.ForeignApi%2CString%2CTitle%2CUri%2Capi%2Cbase%2Ccldr%2Ccookie%2Cexperiments%2CjqueryMsg%2Clanguage%2Cstorage%2Ctoc%2Cuser%2Cutil%2CvisibleTimeout%7Cmediawiki.ForeignApi.core%7Cmediawiki.editfont.styles%7Cmediawiki.libs.pluralruleparser%7Cmediawiki.page.ready%7Cmediawiki.page.watch.ajax%7Cmw.cx.SiteMapper%7Coojs-ui.styles.icons-interactions%7Cskins.vector.clientPreferences%2Cjs%7Cskins.vector.icons.js%7Cwikibase.client.vector-2022%7Cwikibase.sidebar.tracking&skin=vector-2022&version=1bb0a,120
long-animation-frame,54
first-paint,0
first-contentful-paint,0
https://en.wikipedia.org/w/load.php?lang=en&modules=ext.cite.referencePreviews%7Cext.math.popup%7Cext.popups.main&skin=vector-2022&version=4qtti,49.30000000074506
https://en.wikipedia.org/w/load.php?lang=en&modules=mw.config.values.wbCurrentSiteDetails%2CwbRepo%7Coojs-ui.styles.icons-editing-core&skin=vector-2022&version=1aebt,45
https://login.wikimedia.org/wiki/Special:CentralAutoLogin/checkLoggedIn?type=script&wikiid=enwiki,41.80000000074506
https://en.wikipedia.org/static/favicon/wikipedia.ico,42.39999999944121
https://en.wikipedia.org/w/load.php?modules=skins.vector.icons.js&image=appearance&format=original&lang=en&skin=vector-2022&version=15pdp,56.39999999944121
https://en.wikipedia.org/w/load.php?lang=en&modules=skins.vector.search.codex.scripts%7Cvue&skin=vector-2022&version=1f35r,55
https://en.wikipedia.org/wiki/Software_metric,533.5
visible,0
https://en.wikipedia.org/w/load.php?lang=en&modules=ext.cite.styles%7Cext.uls.interlanguage%7Cext.visualEditor.desktopArticleTarget.noscript%7Cext.wikimediaBadges%7Cext.wikimediamessages.styles%7Cjquery.makeCollapsible.styles%7Cskins.vector.icons%2Cstyles%7Cskins.vector.search.codex.styles%7Cwikibase.client.init&only=styles&skin=vector-2022,60.09999999962747
https://en.wikipedia.org/w/load.php?lang=en&modules=startup&only=scripts&raw=1&skin=vector-2022,80.09999999962747
https://en.wikipedia.org/w/load.php?lang=en&modules=site.styles&only=styles&skin=vector-2022,62.40000000037253
https://en.wikipedia.org/static/images/mobile/copyright/wikipedia-wordmark-en.svg,87
https://en.wikipedia.org/static/images/icons/wikipedia.png,100
https://en.wikipedia.org/static/images/mobile/copyright/wikipedia-tagline-en.svg,87
long-animation-frame,167
https://en.wikipedia.org/w/load.php?modules=skins.vector.icons&image=menu&format=original&lang=en&skin=vector-2022&version=bx76m,50.90000000037253
https://en.wikipedia.org/w/load.php?modules=skins.vector.icons&image=search&format=original&lang=en&skin=vector-2022&version=bx76m,50.39999999944121
https://en.wikipedia.org/w/load.php?modules=skins.vector.icons&image=ellipsis&format=original&lang=en&skin=vector-2022&version=bx76m,50
https://en.wikipedia.org/w/load.php?modules=skins.vector.icons&image=listBullet&format=original&lang=en&skin=vector-2022&version=bx76m,49.89999999944121
https://en.wikipedia.org/w/load.php?modules=skins.vector.icons&image=language&variant=progressive&format=original&lang=en&skin=vector-2022&version=bx76m,47.19999999925494
https://en.wikipedia.org/w/skins/Vector/resources/skins.vector.styles/images/arrow-down-progressive.svg?5cd6d,47
https://en.wikipedia.org/w/skins/Vector/resources/skins.vector.styles/images/link-external-small-ltr-progressive.svg?fb64d,46.69999999925494
https://upload.wikimedia.org/wikipedia/commons/6/65/Lock-green.svg,159.3999999994412
https://upload.wikimedia.org/wikipedia/commons/4/4d/Icon_pdf_file.png,159
mwStartup,0
https://en.wikipedia.org/w/load.php?lang=en&modules=ext.gadget.ReferenceTooltips%2Cswitcher&skin=vector-2022&version=j1bg1,47
https://en.wikipedia.org/w/load.php?lang=en&modules=ext.visualEditor.core.utils.parsing%7Cext.visualEditor.desktopArticleTarget.init%7Cext.visualEditor.progressBarWidget%2CsupportCheck%2CtargetLoader%2CtempWikitextEditorWidget%2Ctrack%2Cve&skin=vector-2022&version=19n5q,55.80000000074506
https://en.wikipedia.org/w/load.php?lang=en&modules=ext.centralNotice.bannerHistoryLogger%2CchoiceData%2Cdisplay%2CgeoIP%2CimpressionDiet%2CkvStore%2ClargeBannerLimit%2ClegacySupport%2CstartUp%7Cext.centralauth.ForeignApi%2Ccentralautologin%7Cext.checkUser.clientHints%7Cext.cite.ux-enhancements%7Cext.cx.eventlogging.campaigns%7Cext.cx.model%7Cext.cx.uls.quick.actions%7Cext.echo.centralauth%7Cext.eventLogging%2CnavigationTiming%2Cpopups%2CwikimediaEvents%7Cext.growthExperiments.SuggestedEditSession%7Cext.uls.common%2Cinterface%2Cpreferences%2Cwebfonts%7Cext.urlShortener.toolbar%7Cjquery%2Coojs%2Csite%7Cjquery.client%2CmakeCollapsible%2CtextSelection%7Cjquery.uls.data%7Cmediawiki.ForeignApi%2CString%2CTitle%2CUri%2Capi%2Cbase%2Ccldr%2Ccookie%2Cexperiments%2CjqueryMsg%2Clanguage%2Cstorage%2Ctoc%2Cuser%2Cutil%2CvisibleTimeout%7Cmediawiki.ForeignApi.core%7Cmediawiki.editfont.styles%7Cmediawiki.libs.pluralruleparser%7Cmediawiki.page.ready%7Cmediawiki.page.watch.ajax%7Cmw.cx.SiteMapper%7Coojs-ui.styles.icons-interactions%7Cskins.vector.clientPreferences%2Cjs%7Cskins.vector.icons.js%7Cwikibase.client.vector-2022%7Cwikibase.sidebar.tracking&skin=vector-2022&version=1bb0a,114.3999999994412
long-animation-frame,51
first-paint,0
first-contentful-paint,0
https://en.wikipedia.org/w/load.php?lang=en&modules=ext.cite.referencePreviews%7Cext.math.popup%7Cext.popups.main&skin=vector-2022&version=4qtti,62.40000000037253
https://en.wikipedia.org/w/load.php?lang=en&modules=mw.config.values.wbCurrentSiteDetails%2CwbRepo%7Coojs-ui.styles.icons-editing-core&skin=vector-2022&version=1aebt,56
https://login.wikimedia.org/wiki/Special:CentralAutoLogin/checkLoggedIn?type=script&wikiid=enwiki,48.299999999813735
https://en.wikipedia.org/static/favicon/wikipedia.ico,63.10000000055879
https://en.wikipedia.org/w/load.php?modules=skins.vector.icons.js&image=appearance&format=original&lang=en&skin=vector-2022&version=15pdp,55.200000000186265
https://en.wikipedia.org/w/load.php?lang=en&modules=skins.vector.search.codex.scripts%7Cvue&skin=vector-2022&version=1f35r,64.5
https://en.wikipedia.org/wiki/Software_metric,541.7000000001863
visible,0
https://en.wikipedia.org/w/load.php?lang=en&modules=ext.cite.styles%7Cext.uls.interlanguage%7Cext.visualEditor.desktopArticleTarget.noscript%7Cext.wikimediaBadges%7Cext.wikimediamessages.styles%7Cjquery.makeCollapsible.styles%7Cskins.vector.icons%2Cstyles%7Cskins.vector.search.codex.styles%7Cwikibase.client.init&only=styles&skin=vector-2022,73.20000000018626
https://en.wikipedia.org/w/load.php?lang=en&modules=startup&only=scripts&raw=1&skin=vector-2022,90.79999999981374
https://en.wikipedia.org/w/load.php?lang=en&modules=site.styles&only=styles&skin=vector-2022,46.89999999944121
https://en.wikipedia.org/static/images/icons/wikipedia.png,111.79999999981374
https://en.wikipedia.org/static/images/mobile/copyright/wikipedia-wordmark-en.svg,72.09999999962747
https://en.wikipedia.org/static/images/mobile/copyright/wikipedia-tagline-en.svg,93.6000000005588
long-animation-frame,182
https://en.wikipedia.org/w/load.php?modules=skins.vector.icons&image=menu&format=original&lang=en&skin=vector-2022&version=bx76m,41.700000000186265
https://en.wikipedia.org/w/load.php?modules=skins.vector.icons&image=search&format=original&lang=en&skin=vector-2022&version=bx76m,41.90000000037253
https://en.wikipedia.org/w/load.php?modules=skins.vector.icons&image=ellipsis&format=original&lang=en&skin=vector-2022&version=bx76m,43.09999999962747
https://en.wikipedia.org/w/load.php?modules=skins.vector.icons&image=listBullet&format=original&lang=en&skin=vector-2022&version=bx76m,42.90000000037253
https://en.wikipedia.org/w/load.php?modules=skins.vector.icons&image=language&variant=progressive&format=original&lang=en&skin=vector-2022&version=bx76m,42.90000000037253
https://en.wikipedia.org/w/skins/Vector/resources/skins.vector.styles/images/arrow-down-progressive.svg?5cd6d,45.59999999962747
https://en.wikipedia.org/w/skins/Vector/resources/skins.vector.styles/images/link-external-small-ltr-progressive.svg?fb64d,42.89999999944121
https://upload.wikimedia.org/wikipedia/commons/6/65/Lock-green.svg,145.90000000037253
https://upload.wikimedia.org/wikipedia/commons/4/4d/Icon_pdf_file.png,144.79999999981374
long-animation-frame,70
mwStartup,0
https://en.wikipedia.org/w/load.php?lang=en&modules=ext.gadget.ReferenceTooltips%2Cswitcher&skin=vector-2022&version=j1bg1,44.200000000186265
https://en.wikipedia.org/w/load.php?lang=en&modules=ext.visualEditor.core.utils.parsing%7Cext.visualEditor.desktopArticleTarget.init%7Cext.visualEditor.progressBarWidget%2CsupportCheck%2CtargetLoader%2CtempWikitextEditorWidget%2Ctrack%2Cve&skin=vector-2022&version=19n5q,49.90000000037253
https://en.wikipedia.org/w/load.php?lang=en&modules=ext.centralNotice.bannerHistoryLogger%2CchoiceData%2Cdisplay%2CgeoIP%2CimpressionDiet%2CkvStore%2ClargeBannerLimit%2ClegacySupport%2CstartUp%7Cext.centralauth.ForeignApi%2Ccentralautologin%7Cext.checkUser.clientHints%7Cext.cite.ux-enhancements%7Cext.cx.eventlogging.campaigns%7Cext.cx.model%7Cext.cx.uls.quick.actions%7Cext.echo.centralauth%7Cext.eventLogging%2CnavigationTiming%2Cpopups%2CwikimediaEvents%7Cext.growthExperiments.SuggestedEditSession%7Cext.uls.common%2Cinterface%2Cpreferences%2Cwebfonts%7Cext.urlShortener.toolbar%7Cjquery%2Coojs%2Csite%7Cjquery.client%2CmakeCollapsible%2CtextSelection%7Cjquery.uls.data%7Cmediawiki.ForeignApi%2CString%2CTitle%2CUri%2Capi%2Cbase%2Ccldr%2Ccookie%2Cexperiments%2CjqueryMsg%2Clanguage%2Cstorage%2Ctoc%2Cuser%2Cutil%2CvisibleTimeout%7Cmediawiki.ForeignApi.core%7Cmediawiki.editfont.styles%7Cmediawiki.libs.pluralruleparser%7Cmediawiki.page.ready%7Cmediawiki.page.watch.ajax%7Cmw.cx.SiteMapper%7Coojs-ui.styles.icons-interactions%7Cskins.vector.clientPreferences%2Cjs%7Cskins.vector.icons.js%7Cwikibase.client.vector-2022%7Cwikibase.sidebar.tracking&skin=vector-2022&version=1bb0a,118.70000000018626
first-paint,0
first-contentful-paint,0
https://en.wikipedia.org/w/load.php?lang=en&modules=ext.cite.referencePreviews%7Cext.math.popup%7Cext.popups.main&skin=vector-2022&version=4qtti,46.5
https://en.wikipedia.org/w/load.php?lang=en&modules=mw.config.values.wbCurrentSiteDetails%2CwbRepo%7Coojs-ui.styles.icons-editing-core&skin=vector-2022&version=1aebt,43.700000000186265
https://login.wikimedia.org/wiki/Special:CentralAutoLogin/checkLoggedIn?type=script&wikiid=enwiki,41.700000000186265
https://en.wikipedia.org/static/favicon/wikipedia.ico,43.89999999944121
https://en.wikipedia.org/w/load.php?modules=skins.vector.icons.js&image=appearance&format=original&lang=en&skin=vector-2022&version=15pdp,41.30000000074506
https://en.wikipedia.org/w/load.php?lang=en&modules=skins.vector.search.codex.scripts%7Cvue&skin=vector-2022&version=1f35r,53.5
https://en.wikipedia.org/wiki/Software_metric,661.5999999996275
visible,0
https://en.wikipedia.org/w/load.php?lang=en&modules=ext.cite.styles%7Cext.uls.interlanguage%7Cext.visualEditor.desktopArticleTarget.noscript%7Cext.wikimediaBadges%7Cext.wikimediamessages.styles%7Cjquery.makeCollapsible.styles%7Cskins.vector.icons%2Cstyles%7Cskins.vector.search.codex.styles%7Cwikibase.client.init&only=styles&skin=vector-2022,86.29999999981374
https://en.wikipedia.org/w/load.php?lang=en&modules=startup&only=scripts&raw=1&skin=vector-2022,81.70000000018626
https://en.wikipedia.org/w/load.php?lang=en&modules=site.styles&only=styles&skin=vector-2022,47.59999999962747
https://en.wikipedia.org/static/images/mobile/copyright/wikipedia-wordmark-en.svg,88.09999999962747
https://en.wikipedia.org/static/images/icons/wikipedia.png,100
https://en.wikipedia.org/static/images/mobile/copyright/wikipedia-tagline-en.svg,105.20000000018626
long-animation-frame,209
mwStartup,0
https://en.wikipedia.org/w/load.php?lang=en&modules=ext.gadget.ReferenceTooltips%2Cswitcher&skin=vector-2022&version=j1bg1,49.59999999962747
https://en.wikipedia.org/w/load.php?lang=en&modules=ext.visualEditor.core.utils.parsing%7Cext.visualEditor.desktopArticleTarget.init%7Cext.visualEditor.progressBarWidget%2CsupportCheck%2CtargetLoader%2CtempWikitextEditorWidget%2Ctrack%2Cve&skin=vector-2022&version=19n5q,56.89999999944121
https://en.wikipedia.org/w/load.php?lang=en&modules=ext.centralNotice.bannerHistoryLogger%2CchoiceData%2Cdisplay%2CgeoIP%2CimpressionDiet%2CkvStore%2ClargeBannerLimit%2ClegacySupport%2CstartUp%7Cext.centralauth.ForeignApi%2Ccentralautologin%7Cext.checkUser.clientHints%7Cext.cite.ux-enhancements%7Cext.cx.eventlogging.campaigns%7Cext.cx.model%7Cext.cx.uls.quick.actions%7Cext.echo.centralauth%7Cext.eventLogging%2CnavigationTiming%2Cpopups%2CwikimediaEvents%7Cext.growthExperiments.SuggestedEditSession%7Cext.uls.common%2Cinterface%2Cpreferences%2Cwebfonts%7Cext.urlShortener.toolbar%7Cjquery%2Coojs%2Csite%7Cjquery.client%2CmakeCollapsible%2CtextSelection%7Cjquery.uls.data%7Cmediawiki.ForeignApi%2CString%2CTitle%2CUri%2Capi%2Cbase%2Ccldr%2Ccookie%2Cexperiments%2CjqueryMsg%2Clanguage%2Cstorage%2Ctoc%2Cuser%2Cutil%2CvisibleTimeout%7Cmediawiki.ForeignApi.core%7Cmediawiki.editfont.styles%7Cmediawiki.libs.pluralruleparser%7Cmediawiki.page.ready%7Cmediawiki.page.watch.ajax%7Cmw.cx.SiteMapper%7Coojs-ui.styles.icons-interactions%7Cskins.vector.clientPreferences%2Cjs%7Cskins.vector.icons.js%7Cwikibase.client.vector-2022%7Cwikibase.sidebar.tracking&skin=vector-2022&version=1bb0a,136.1000000005588
https://en.wikipedia.org/w/load.php?modules=skins.vector.icons&image=menu&format=original&lang=en&skin=vector-2022&version=bx76m,134.29999999981374
https://en.wikipedia.org/w/load.php?modules=skins.vector.icons&image=search&format=original&lang=en&skin=vector-2022&version=bx76m,133
https://en.wikipedia.org/w/load.php?modules=skins.vector.icons&image=ellipsis&format=original&lang=en&skin=vector-2022&version=bx76m,132.90000000037253
https://en.wikipedia.org/w/load.php?modules=skins.vector.icons&image=listBullet&format=original&lang=en&skin=vector-2022&version=bx76m,132.70000000018626
https://en.wikipedia.org/w/load.php?modules=skins.vector.icons&image=language&variant=progressive&format=original&lang=en&skin=vector-2022&version=bx76m,131
https://en.wikipedia.org/w/skins/Vector/resources/skins.vector.styles/images/arrow-down-progressive.svg?5cd6d,131
https://en.wikipedia.org/w/skins/Vector/resources/skins.vector.styles/images/link-external-small-ltr-progressive.svg?fb64d,127.70000000018626
https://upload.wikimedia.org/wikipedia/commons/6/65/Lock-green.svg,165.40000000037253
https://upload.wikimedia.org/wikipedia/commons/4/4d/Icon_pdf_file.png,163.79999999981374
long-animation-frame,116
https://en.wikipedia.org/w/load.php?lang=en&modules=ext.cite.referencePreviews%7Cext.math.popup%7Cext.popups.main&skin=vector-2022&version=4qtti,51.80000000074506
https://en.wikipedia.org/w/load.php?lang=en&modules=mw.config.values.wbCurrentSiteDetails%2CwbRepo%7Coojs-ui.styles.icons-editing-core&skin=vector-2022&version=1aebt,45.799999999813735
first-paint,0
first-contentful-paint,0
https://login.wikimedia.org/wiki/Special:CentralAutoLogin/checkLoggedIn?type=script&wikiid=enwiki,41.90000000037253
https://en.wikipedia.org/w/load.php?modules=skins.vector.icons.js&image=appearance&format=original&lang=en&skin=vector-2022&version=15pdp,44.5
https://en.wikipedia.org/w/load.php?lang=en&modules=skins.vector.search.codex.scripts%7Cvue&skin=vector-2022&version=1f35r,55.5
https://en.wikipedia.org/static/favicon/wikipedia.ico,41.799999999813735
https://en.wikipedia.org/wiki/Software_metric,514
visible,0
https://en.wikipedia.org/w/load.php?lang=en&modules=ext.cite.styles%7Cext.uls.interlanguage%7Cext.visualEditor.desktopArticleTarget.noscript%7Cext.wikimediaBadges%7Cext.wikimediamessages.styles%7Cjquery.makeCollapsible.styles%7Cskins.vector.icons%2Cstyles%7Cskins.vector.search.codex.styles%7Cwikibase.client.init&only=styles&skin=vector-2022,55.700000000186265
https://en.wikipedia.org/w/load.php?lang=en&modules=startup&only=scripts&raw=1&skin=vector-2022,75.09999999962747
https://en.wikipedia.org/w/load.php?lang=en&modules=site.styles&only=styles&skin=vector-2022,58.40000000037253
https://en.wikipedia.org/static/images/icons/wikipedia.png,108.79999999981374
https://en.wikipedia.org/static/images/mobile/copyright/wikipedia-wordmark-en.svg,86.1000000005588
https://en.wikipedia.org/static/images/mobile/copyright/wikipedia-tagline-en.svg,86.20000000018626
long-animation-frame,151
https://en.wikipedia.org/w/load.php?modules=skins.vector.icons&image=menu&format=original&lang=en&skin=vector-2022&version=bx76m,47.10000000055879
https://en.wikipedia.org/w/load.php?modules=skins.vector.icons&image=search&format=original&lang=en&skin=vector-2022&version=bx76m,46.60000000055879
https://en.wikipedia.org/w/load.php?modules=skins.vector.icons&image=ellipsis&format=original&lang=en&skin=vector-2022&version=bx76m,46
https://en.wikipedia.org/w/load.php?modules=skins.vector.icons&image=listBullet&format=original&lang=en&skin=vector-2022&version=bx76m,47.799999999813735
https://en.wikipedia.org/w/load.php?modules=skins.vector.icons&image=language&variant=progressive&format=original&lang=en&skin=vector-2022&version=bx76m,45.90000000037253
https://en.wikipedia.org/w/skins/Vector/resources/skins.vector.styles/images/arrow-down-progressive.svg?5cd6d,45.799999999813735
https://en.wikipedia.org/w/skins/Vector/resources/skins.vector.styles/images/link-external-small-ltr-progressive.svg?fb64d,45.200000000186265
https://upload.wikimedia.org/wikipedia/commons/6/65/Lock-green.svg,154
https://upload.wikimedia.org/wikipedia/commons/4/4d/Icon_pdf_file.png,153.3999999994412
mwStartup,0
https://en.wikipedia.org/w/load.php?lang=en&modules=ext.gadget.ReferenceTooltips%2Cswitcher&skin=vector-2022&version=j1bg1,46.39999999944121
https://en.wikipedia.org/w/load.php?lang=en&modules=ext.visualEditor.core.utils.parsing%7Cext.visualEditor.desktopArticleTarget.init%7Cext.visualEditor.progressBarWidget%2CsupportCheck%2CtargetLoader%2CtempWikitextEditorWidget%2Ctrack%2Cve&skin=vector-2022&version=19n5q,51.700000000186265
https://en.wikipedia.org/w/load.php?lang=en&modules=ext.centralNotice.bannerHistoryLogger%2CchoiceData%2Cdisplay%2CgeoIP%2CimpressionDiet%2CkvStore%2ClargeBannerLimit%2ClegacySupport%2CstartUp%7Cext.centralauth.ForeignApi%2Ccentralautologin%7Cext.checkUser.clientHints%7Cext.cite.ux-enhancements%7Cext.cx.eventlogging.campaigns%7Cext.cx.model%7Cext.cx.uls.quick.actions%7Cext.echo.centralauth%7Cext.eventLogging%2CnavigationTiming%2Cpopups%2CwikimediaEvents%7Cext.growthExperiments.SuggestedEditSession%7Cext.uls.common%2Cinterface%2Cpreferences%2Cwebfonts%7Cext.urlShortener.toolbar%7Cjquery%2Coojs%2Csite%7Cjquery.client%2CmakeCollapsible%2CtextSelection%7Cjquery.uls.data%7Cmediawiki.ForeignApi%2CString%2CTitle%2CUri%2Capi%2Cbase%2Ccldr%2Ccookie%2Cexperiments%2CjqueryMsg%2Clanguage%2Cstorage%2Ctoc%2Cuser%2Cutil%2CvisibleTimeout%7Cmediawiki.ForeignApi.core%7Cmediawiki.editfont.styles%7Cmediawiki.libs.pluralruleparser%7Cmediawiki.page.ready%7Cmediawiki.page.watch.ajax%7Cmw.cx.SiteMapper%7Coojs-ui.styles.icons-interactions%7Cskins.vector.clientPreferences%2Cjs%7Cskins.vector.icons.js%7Cwikibase.client.vector-2022%7Cwikibase.sidebar.tracking&skin=vector-2022&version=1bb0a,125.29999999981374
first-paint,0
first-contentful-paint,0
https://en.wikipedia.org/w/load.php?lang=en&modules=ext.cite.referencePreviews%7Cext.math.popup%7Cext.popups.main&skin=vector-2022&version=4qtti,48.700000000186265
https://en.wikipedia.org/w/load.php?lang=en&modules=mw.config.values.wbCurrentSiteDetails%2CwbRepo%7Coojs-ui.styles.icons-editing-core&skin=vector-2022&version=1aebt,46.200000000186265
https://login.wikimedia.org/wiki/Special:CentralAutoLogin/checkLoggedIn?type=script&wikiid=enwiki,47.200000000186265
https://en.wikipedia.org/static/favicon/wikipedia.ico,43.59999999962747
https://en.wikipedia.org/w/load.php?modules=skins.vector.icons.js&image=appearance&format=original&lang=en&skin=vector-2022&version=15pdp,42
https://en.wikipedia.org/w/load.php?lang=en&modules=skins.vector.search.codex.scripts%7Cvue&skin=vector-2022&version=1f35r,56.799999999813735
https://en.wikipedia.org/wiki/Software_metric,539.6000000005588
visible,0
https://en.wikipedia.org/w/load.php?lang=en&modules=ext.cite.styles%7Cext.uls.interlanguage%7Cext.visualEditor.desktopArticleTarget.noscript%7Cext.wikimediaBadges%7Cext.wikimediamessages.styles%7Cjquery.makeCollapsible.styles%7Cskins.vector.icons%2Cstyles%7Cskins.vector.search.codex.styles%7Cwikibase.client.init&only=styles&skin=vector-2022,61
https://en.wikipedia.org/w/load.php?lang=en&modules=startup&only=scripts&raw=1&skin=vector-2022,80.09999999962747
https://en.wikipedia.org/w/load.php?lang=en&modules=site.styles&only=styles&skin=vector-2022,70.1000000005588
https://en.wikipedia.org/static/images/icons/wikipedia.png,98.29999999981374
https://en.wikipedia.org/static/images/mobile/copyright/wikipedia-wordmark-en.svg,88.6000000005588
https://en.wikipedia.org/static/images/mobile/copyright/wikipedia-tagline-en.svg,89.70000000018626
long-animation-frame,177
https://en.wikipedia.org/w/load.php?modules=skins.vector.icons&image=menu&format=original&lang=en&skin=vector-2022&version=bx76m,42.200000000186265
https://en.wikipedia.org/w/load.php?modules=skins.vector.icons&image=search&format=original&lang=en&skin=vector-2022&version=bx76m,42
https://en.wikipedia.org/w/load.php?modules=skins.vector.icons&image=ellipsis&format=original&lang=en&skin=vector-2022&version=bx76m,42.60000000055879
https://en.wikipedia.org/w/load.php?modules=skins.vector.icons&image=listBullet&format=original&lang=en&skin=vector-2022&version=bx76m,42.5
https://en.wikipedia.org/w/load.php?modules=skins.vector.icons&image=language&variant=progressive&format=original&lang=en&skin=vector-2022&version=bx76m,42
https://en.wikipedia.org/w/skins/Vector/resources/skins.vector.styles/images/arrow-down-progressive.svg?5cd6d,42.39999999944121
https://en.wikipedia.org/w/skins/Vector/resources/skins.vector.styles/images/link-external-small-ltr-progressive.svg?fb64d,45
https://upload.wikimedia.org/wikipedia/commons/6/65/Lock-green.svg,162.19999999925494
https://upload.wikimedia.org/wikipedia/commons/4/4d/Icon_pdf_file.png,161.40000000037253
mwStartup,0
https://en.wikipedia.org/w/load.php?lang=en&modules=ext.gadget.ReferenceTooltips%2Cswitcher&skin=vector-2022&version=j1bg1,45.5
https://en.wikipedia.org/w/load.php?lang=en&modules=ext.visualEditor.core.utils.parsing%7Cext.visualEditor.desktopArticleTarget.init%7Cext.visualEditor.progressBarWidget%2CsupportCheck%2CtargetLoader%2CtempWikitextEditorWidget%2Ctrack%2Cve&skin=vector-2022&version=19n5q,55.59999999962747
https://en.wikipedia.org/w/load.php?lang=en&modules=ext.centralNotice.bannerHistoryLogger%2CchoiceData%2Cdisplay%2CgeoIP%2CimpressionDiet%2CkvStore%2ClargeBannerLimit%2ClegacySupport%2CstartUp%7Cext.centralauth.ForeignApi%2Ccentralautologin%7Cext.checkUser.clientHints%7Cext.cite.ux-enhancements%7Cext.cx.eventlogging.campaigns%7Cext.cx.model%7Cext.cx.uls.quick.actions%7Cext.echo.centralauth%7Cext.eventLogging%2CnavigationTiming%2Cpopups%2CwikimediaEvents%7Cext.growthExperiments.SuggestedEditSession%7Cext.uls.common%2Cinterface%2Cpreferences%2Cwebfonts%7Cext.urlShortener.toolbar%7Cjquery%2Coojs%2Csite%7Cjquery.client%2CmakeCollapsible%2CtextSelection%7Cjquery.uls.data%7Cmediawiki.ForeignApi%2CString%2CTitle%2CUri%2Capi%2Cbase%2Ccldr%2Ccookie%2Cexperiments%2CjqueryMsg%2Clanguage%2Cstorage%2Ctoc%2Cuser%2Cutil%2CvisibleTimeout%7Cmediawiki.ForeignApi.core%7Cmediawiki.editfont.styles%7Cmediawiki.libs.pluralruleparser%7Cmediawiki.page.ready%7Cmediawiki.page.watch.ajax%7Cmw.cx.SiteMapper%7Coojs-ui.styles.icons-interactions%7Cskins.vector.clientPreferences%2Cjs%7Cskins.vector.icons.js%7Cwikibase.client.vector-2022%7Cwikibase.sidebar.tracking&skin=vector-2022&version=1bb0a,122.79999999981374
first-paint,0
first-contentful-paint,0
https://en.wikipedia.org/w/load.php?lang=en&modules=ext.cite.referencePreviews%7Cext.math.popup%7Cext.popups.main&skin=vector-2022&version=4qtti,48.09999999962747
https://en.wikipedia.org/w/load.php?lang=en&modules=mw.config.values.wbCurrentSiteDetails%2CwbRepo%7Coojs-ui.styles.icons-editing-core&skin=vector-2022&version=1aebt,44.89999999944121
https://login.wikimedia.org/wiki/Special:CentralAutoLogin/checkLoggedIn?type=script&wikiid=enwiki,42.30000000074506
https://en.wikipedia.org/static/favicon/wikipedia.ico,43.60000000055879
https://en.wikipedia.org/w/load.php?modules=skins.vector.icons.js&image=appearance&format=original&lang=en&skin=vector-2022&version=15pdp,51.200000000186265
https://en.wikipedia.org/w/load.php?lang=en&modules=skins.vector.search.codex.scripts%7Cvue&skin=vector-2022&version=1f35r,55.700000000186265
https://en.wikipedia.org/wiki/Software_metric,509.70000000018626
visible,0
https://en.wikipedia.org/w/load.php?lang=en&modules=ext.cite.styles%7Cext.uls.interlanguage%7Cext.visualEditor.desktopArticleTarget.noscript%7Cext.wikimediaBadges%7Cext.wikimediamessages.styles%7Cjquery.makeCollapsible.styles%7Cskins.vector.icons%2Cstyles%7Cskins.vector.search.codex.styles%7Cwikibase.client.init&only=styles&skin=vector-2022,59.09999999962747
https://en.wikipedia.org/w/load.php?lang=en&modules=startup&only=scripts&raw=1&skin=vector-2022,73
https://en.wikipedia.org/w/load.php?lang=en&modules=site.styles&only=styles&skin=vector-2022,61.30000000074506
https://en.wikipedia.org/static/images/icons/wikipedia.png,96.5
https://en.wikipedia.org/static/images/mobile/copyright/wikipedia-wordmark-en.svg,85.70000000018626
https://en.wikipedia.org/static/images/mobile/copyright/wikipedia-tagline-en.svg,96.59999999962747
long-animation-frame,163
https://en.wikipedia.org/w/load.php?modules=skins.vector.icons&image=menu&format=original&lang=en&skin=vector-2022&version=bx76m,42.200000000186265
https://en.wikipedia.org/w/load.php?modules=skins.vector.icons&image=search&format=original&lang=en&skin=vector-2022&version=bx76m,42.799999999813735
https://en.wikipedia.org/w/load.php?modules=skins.vector.icons&image=ellipsis&format=original&lang=en&skin=vector-2022&version=bx76m,43.299999999813735
https://en.wikipedia.org/w/load.php?modules=skins.vector.icons&image=listBullet&format=original&lang=en&skin=vector-2022&version=bx76m,43.299999999813735
https://en.wikipedia.org/w/load.php?modules=skins.vector.icons&image=language&variant=progressive&format=original&lang=en&skin=vector-2022&version=bx76m,52.799999999813735
https://en.wikipedia.org/w/skins/Vector/resources/skins.vector.styles/images/arrow-down-progressive.svg?5cd6d,52.700000000186265
https://en.wikipedia.org/w/skins/Vector/resources/skins.vector.styles/images/link-external-small-ltr-progressive.svg?fb64d,49.799999999813735
https://upload.wikimedia.org/wikipedia/commons/6/65/Lock-green.svg,170.20000000018626
https://upload.wikimedia.org/wikipedia/commons/4/4d/Icon_pdf_file.png,169.90000000037253
mwStartup,0
https://en.wikipedia.org/w/load.php?lang=en&modules=ext.gadget.ReferenceTooltips%2Cswitcher&skin=vector-2022&version=j1bg1,48.89999999944121
https://en.wikipedia.org/w/load.php?lang=en&modules=ext.visualEditor.core.utils.parsing%7Cext.visualEditor.desktopArticleTarget.init%7Cext.visualEditor.progressBarWidget%2CsupportCheck%2CtargetLoader%2CtempWikitextEditorWidget%2Ctrack%2Cve&skin=vector-2022&version=19n5q,50.5
https://en.wikipedia.org/w/load.php?lang=en&modules=ext.centralNotice.bannerHistoryLogger%2CchoiceData%2Cdisplay%2CgeoIP%2CimpressionDiet%2CkvStore%2ClargeBannerLimit%2ClegacySupport%2CstartUp%7Cext.centralauth.ForeignApi%2Ccentralautologin%7Cext.checkUser.clientHints%7Cext.cite.ux-enhancements%7Cext.cx.eventlogging.campaigns%7Cext.cx.model%7Cext.cx.uls.quick.actions%7Cext.echo.centralauth%7Cext.eventLogging%2CnavigationTiming%2Cpopups%2CwikimediaEvents%7Cext.growthExperiments.SuggestedEditSession%7Cext.uls.common%2Cinterface%2Cpreferences%2Cwebfonts%7Cext.urlShortener.toolbar%7Cjquery%2Coojs%2Csite%7Cjquery.client%2CmakeCollapsible%2CtextSelection%7Cjquery.uls.data%7Cmediawiki.ForeignApi%2CString%2CTitle%2CUri%2Capi%2Cbase%2Ccldr%2Ccookie%2Cexperiments%2CjqueryMsg%2Clanguage%2Cstorage%2Ctoc%2Cuser%2Cutil%2CvisibleTimeout%7Cmediawiki.ForeignApi.core%7Cmediawiki.editfont.styles%7Cmediawiki.libs.pluralruleparser%7Cmediawiki.page.ready%7Cmediawiki.page.watch.ajax%7Cmw.cx.SiteMapper%7Coojs-ui.styles.icons-interactions%7Cskins.vector.clientPreferences%2Cjs%7Cskins.vector.icons.js%7Cwikibase.client.vector-2022%7Cwikibase.sidebar.tracking&skin=vector-2022&version=1bb0a,114.70000000018626
first-paint,0
first-contentful-paint,0
https://en.wikipedia.org/w/load.php?lang=en&modules=ext.cite.referencePreviews%7Cext.math.popup%7Cext.popups.main&skin=vector-2022&version=4qtti,46.60000000055879
https://en.wikipedia.org/w/load.php?lang=en&modules=mw.config.values.wbCurrentSiteDetails%2CwbRepo%7Coojs-ui.styles.icons-editing-core&skin=vector-2022&version=1aebt,46.799999999813735
https://login.wikimedia.org/wiki/Special:CentralAutoLogin/checkLoggedIn?type=script&wikiid=enwiki,46.39999999944121
https://en.wikipedia.org/static/favicon/wikipedia.ico,44.700000000186265
https://en.wikipedia.org/w/load.php?modules=skins.vector.icons.js&image=appearance&format=original&lang=en&skin=vector-2022&version=15pdp,50.40000000037253
https://en.wikipedia.org/w/load.php?lang=en&modules=skins.vector.search.codex.scripts%7Cvue&skin=vector-2022&version=1f35r,57.39999999944121
https://en.wikipedia.org/wiki/Software_metric,559
visible,0
https://en.wikipedia.org/w/load.php?lang=en&modules=ext.cite.styles%7Cext.uls.interlanguage%7Cext.visualEditor.desktopArticleTarget.noscript%7Cext.wikimediaBadges%7Cext.wikimediamessages.styles%7Cjquery.makeCollapsible.styles%7Cskins.vector.icons%2Cstyles%7Cskins.vector.search.codex.styles%7Cwikibase.client.init&only=styles&skin=vector-2022,67.29999999981374
https://en.wikipedia.org/w/load.php?lang=en&modules=startup&only=scripts&raw=1&skin=vector-2022,89.70000000018626
https://en.wikipedia.org/w/load.php?lang=en&modules=site.styles&only=styles&skin=vector-2022,52
https://en.wikipedia.org/static/images/mobile/copyright/wikipedia-wordmark-en.svg,52.10000000055879
https://en.wikipedia.org/static/images/icons/wikipedia.png,97.1000000005588
https://en.wikipedia.org/static/images/mobile/copyright/wikipedia-tagline-en.svg,103.5
long-animation-frame,172
https://en.wikipedia.org/w/load.php?modules=skins.vector.icons&image=menu&format=original&lang=en&skin=vector-2022&version=bx76m,41.39999999944121
https://en.wikipedia.org/w/load.php?modules=skins.vector.icons&image=search&format=original&lang=en&skin=vector-2022&version=bx76m,43.200000000186265
https://en.wikipedia.org/w/load.php?modules=skins.vector.icons&image=ellipsis&format=original&lang=en&skin=vector-2022&version=bx76m,44.5
https://en.wikipedia.org/w/load.php?modules=skins.vector.icons&image=listBullet&format=original&lang=en&skin=vector-2022&version=bx76m,44.09999999962747
https://en.wikipedia.org/w/load.php?modules=skins.vector.icons&image=language&variant=progressive&format=original&lang=en&skin=vector-2022&version=bx76m,42.799999999813735
https://en.wikipedia.org/w/skins/Vector/resources/skins.vector.styles/images/arrow-down-progressive.svg?5cd6d,42.39999999944121
https://en.wikipedia.org/w/skins/Vector/resources/skins.vector.styles/images/link-external-small-ltr-progressive.svg?fb64d,44.799999999813735
https://upload.wikimedia.org/wikipedia/commons/6/65/Lock-green.svg,160.5
https://upload.wikimedia.org/wikipedia/commons/4/4d/Icon_pdf_file.png,159.69999999925494
mwStartup,0
https://en.wikipedia.org/w/load.php?lang=en&modules=ext.gadget.ReferenceTooltips%2Cswitcher&skin=vector-2022&version=j1bg1,48.40000000037253
https://en.wikipedia.org/w/load.php?lang=en&modules=ext.visualEditor.core.utils.parsing%7Cext.visualEditor.desktopArticleTarget.init%7Cext.visualEditor.progressBarWidget%2CsupportCheck%2CtargetLoader%2CtempWikitextEditorWidget%2Ctrack%2Cve&skin=vector-2022&version=19n5q,48.200000000186265
https://en.wikipedia.org/w/load.php?lang=en&modules=ext.centralNotice.bannerHistoryLogger%2CchoiceData%2Cdisplay%2CgeoIP%2CimpressionDiet%2CkvStore%2ClargeBannerLimit%2ClegacySupport%2CstartUp%7Cext.centralauth.ForeignApi%2Ccentralautologin%7Cext.checkUser.clientHints%7Cext.cite.ux-enhancements%7Cext.cx.eventlogging.campaigns%7Cext.cx.model%7Cext.cx.uls.quick.actions%7Cext.echo.centralauth%7Cext.eventLogging%2CnavigationTiming%2Cpopups%2CwikimediaEvents%7Cext.growthExperiments.SuggestedEditSession%7Cext.uls.common%2Cinterface%2Cpreferences%2Cwebfonts%7Cext.urlShortener.toolbar%7Cjquery%2Coojs%2Csite%7Cjquery.client%2CmakeCollapsible%2CtextSelection%7Cjquery.uls.data%7Cmediawiki.ForeignApi%2CString%2CTitle%2CUri%2Capi%2Cbase%2Ccldr%2Ccookie%2Cexperiments%2CjqueryMsg%2Clanguage%2Cstorage%2Ctoc%2Cuser%2Cutil%2CvisibleTimeout%7Cmediawiki.ForeignApi.core%7Cmediawiki.editfont.styles%7Cmediawiki.libs.pluralruleparser%7Cmediawiki.page.ready%7Cmediawiki.page.watch.ajax%7Cmw.cx.SiteMapper%7Coojs-ui.styles.icons-interactions%7Cskins.vector.clientPreferences%2Cjs%7Cskins.vector.icons.js%7Cwikibase.client.vector-2022%7Cwikibase.sidebar.tracking&skin=vector-2022&version=1bb0a,153.29999999981374
long-animation-frame,59
first-paint,0
first-contentful-paint,0
https://en.wikipedia.org/w/load.php?lang=en&modules=ext.cite.referencePreviews%7Cext.math.popup%7Cext.popups.main&skin=vector-2022&version=4qtti,46
https://en.wikipedia.org/w/load.php?lang=en&modules=mw.config.values.wbCurrentSiteDetails%2CwbRepo%7Coojs-ui.styles.icons-editing-core&skin=vector-2022&version=1aebt,43.5
https://login.wikimedia.org/wiki/Special:CentralAutoLogin/checkLoggedIn?type=script&wikiid=enwiki,41.69999999925494
https://en.wikipedia.org/static/favicon/wikipedia.ico,42.200000000186265
https://en.wikipedia.org/w/load.php?modules=skins.vector.icons.js&image=appearance&format=original&lang=en&skin=vector-2022&version=15pdp,42
https://en.wikipedia.org/w/load.php?lang=en&modules=skins.vector.search.codex.scripts%7Cvue&skin=vector-2022&version=1f35r,56.09999999962747
https://en.wikipedia.org/wiki/Software_metric,579.2000000001863
visible,0
https://en.wikipedia.org/w/load.php?lang=en&modules=ext.cite.styles%7Cext.uls.interlanguage%7Cext.visualEditor.desktopArticleTarget.noscript%7Cext.wikimediaBadges%7Cext.wikimediamessages.styles%7Cjquery.makeCollapsible.styles%7Cskins.vector.icons%2Cstyles%7Cskins.vector.search.codex.styles%7Cwikibase.client.init&only=styles&skin=vector-2022,62.60000000055879
https://en.wikipedia.org/w/load.php?lang=en&modules=startup&only=scripts&raw=1&skin=vector-2022,83.79999999981374
https://en.wikipedia.org/w/load.php?lang=en&modules=site.styles&only=styles&skin=vector-2022,65.59999999962747
https://en.wikipedia.org/static/images/mobile/copyright/wikipedia-wordmark-en.svg,89
https://en.wikipedia.org/static/images/icons/wikipedia.png,99.29999999981374
https://en.wikipedia.org/static/images/mobile/copyright/wikipedia-tagline-en.svg,101.5
long-animation-frame,194
https://en.wikipedia.org/w/load.php?modules=skins.vector.icons&image=menu&format=original&lang=en&skin=vector-2022&version=bx76m,42.30000000074506
https://en.wikipedia.org/w/load.php?modules=skins.vector.icons&image=search&format=original&lang=en&skin=vector-2022&version=bx76m,41.799999999813735
https://en.wikipedia.org/w/load.php?modules=skins.vector.icons&image=ellipsis&format=original&lang=en&skin=vector-2022&version=bx76m,41.90000000037253
https://en.wikipedia.org/w/load.php?modules=skins.vector.icons&image=listBullet&format=original&lang=en&skin=vector-2022&version=bx76m,41.60000000055879
https://en.wikipedia.org/w/load.php?modules=skins.vector.icons&image=language&variant=progressive&format=original&lang=en&skin=vector-2022&version=bx76m,42.80000000074506
https://en.wikipedia.org/w/skins/Vector/resources/skins.vector.styles/images/arrow-down-progressive.svg?5cd6d,42.69999999925494
https://en.wikipedia.org/w/skins/Vector/resources/skins.vector.styles/images/link-external-small-ltr-progressive.svg?fb64d,47.59999999962747
https://upload.wikimedia.org/wikipedia/commons/6/65/Lock-green.svg,150.6000000005588
https://upload.wikimedia.org/wikipedia/commons/4/4d/Icon_pdf_file.png,149.19999999925494
mwStartup,0
https://en.wikipedia.org/w/load.php?lang=en&modules=ext.gadget.ReferenceTooltips%2Cswitcher&skin=vector-2022&version=j1bg1,46.200000000186265
https://en.wikipedia.org/w/load.php?lang=en&modules=ext.visualEditor.core.utils.parsing%7Cext.visualEditor.desktopArticleTarget.init%7Cext.visualEditor.progressBarWidget%2CsupportCheck%2CtargetLoader%2CtempWikitextEditorWidget%2Ctrack%2Cve&skin=vector-2022&version=19n5q,51.799999999813735
https://en.wikipedia.org/w/load.php?lang=en&modules=ext.centralNotice.bannerHistoryLogger%2CchoiceData%2Cdisplay%2CgeoIP%2CimpressionDiet%2CkvStore%2ClargeBannerLimit%2ClegacySupport%2CstartUp%7Cext.centralauth.ForeignApi%2Ccentralautologin%7Cext.checkUser.clientHints%7Cext.cite.ux-enhancements%7Cext.cx.eventlogging.campaigns%7Cext.cx.model%7Cext.cx.uls.quick.actions%7Cext.echo.centralauth%7Cext.eventLogging%2CnavigationTiming%2Cpopups%2CwikimediaEvents%7Cext.growthExperiments.SuggestedEditSession%7Cext.uls.common%2Cinterface%2Cpreferences%2Cwebfonts%7Cext.urlShortener.toolbar%7Cjquery%2Coojs%2Csite%7Cjquery.client%2CmakeCollapsible%2CtextSelection%7Cjquery.uls.data%7Cmediawiki.ForeignApi%2CString%2CTitle%2CUri%2Capi%2Cbase%2Ccldr%2Ccookie%2Cexperiments%2CjqueryMsg%2Clanguage%2Cstorage%2Ctoc%2Cuser%2Cutil%2CvisibleTimeout%7Cmediawiki.ForeignApi.core%7Cmediawiki.editfont.styles%7Cmediawiki.libs.pluralruleparser%7Cmediawiki.page.ready%7Cmediawiki.page.watch.ajax%7Cmw.cx.SiteMapper%7Coojs-ui.styles.icons-interactions%7Cskins.vector.clientPreferences%2Cjs%7Cskins.vector.icons.js%7Cwikibase.client.vector-2022%7Cwikibase.sidebar.tracking&skin=vector-2022&version=1bb0a,119.09999999962747
first-paint,0
first-contentful-paint,0
https://en.wikipedia.org/w/load.php?lang=en&modules=ext.cite.referencePreviews%7Cext.math.popup%7Cext.popups.main&skin=vector-2022&version=4qtti,52.90000000037253
https://en.wikipedia.org/w/load.php?lang=en&modules=mw.config.values.wbCurrentSiteDetails%2CwbRepo%7Coojs-ui.styles.icons-editing-core&skin=vector-2022&version=1aebt,46.700000000186265
https://login.wikimedia.org/wiki/Special:CentralAutoLogin/checkLoggedIn?type=script&wikiid=enwiki,41.90000000037253
https://en.wikipedia.org/static/favicon/wikipedia.ico,47.60000000055879
https://en.wikipedia.org/w/load.php?modules=skins.vector.icons.js&image=appearance&format=original&lang=en&skin=vector-2022&version=15pdp,42.30000000074506
https://en.wikipedia.org/w/load.php?lang=en&modules=skins.vector.search.codex.scripts%7Cvue&skin=vector-2022&version=1f35r,55.5
https://en.wikipedia.org/wiki/Software_metric,536.7999999998137
visible,0
https://en.wikipedia.org/w/load.php?lang=en&modules=ext.cite.styles%7Cext.uls.interlanguage%7Cext.visualEditor.desktopArticleTarget.noscript%7Cext.wikimediaBadges%7Cext.wikimediamessages.styles%7Cjquery.makeCollapsible.styles%7Cskins.vector.icons%2Cstyles%7Cskins.vector.search.codex.styles%7Cwikibase.client.init&only=styles&skin=vector-2022,59.19999999925494
https://en.wikipedia.org/w/load.php?lang=en&modules=startup&only=scripts&raw=1&skin=vector-2022,89.5
https://en.wikipedia.org/w/load.php?lang=en&modules=site.styles&only=styles&skin=vector-2022,60.80000000074506
https://en.wikipedia.org/static/images/icons/wikipedia.png,96.20000000018626
https://en.wikipedia.org/static/images/mobile/copyright/wikipedia-wordmark-en.svg,88.59999999962747
https://en.wikipedia.org/static/images/mobile/copyright/wikipedia-tagline-en.svg,97.79999999981374
long-animation-frame,175
https://en.wikipedia.org/w/load.php?modules=skins.vector.icons&image=menu&format=original&lang=en&skin=vector-2022&version=bx76m,41.59999999962747
https://en.wikipedia.org/w/load.php?modules=skins.vector.icons&image=search&format=original&lang=en&skin=vector-2022&version=bx76m,41.799999999813735
https://en.wikipedia.org/w/load.php?modules=skins.vector.icons&image=ellipsis&format=original&lang=en&skin=vector-2022&version=bx76m,42.09999999962747
https://en.wikipedia.org/w/load.php?modules=skins.vector.icons&image=listBullet&format=original&lang=en&skin=vector-2022&version=bx76m,42.299999999813735
https://en.wikipedia.org/w/load.php?modules=skins.vector.icons&image=language&variant=progressive&format=original&lang=en&skin=vector-2022&version=bx76m,48.200000000186265
https://en.wikipedia.org/w/skins/Vector/resources/skins.vector.styles/images/arrow-down-progressive.svg?5cd6d,48.19999999925494
https://en.wikipedia.org/w/skins/Vector/resources/skins.vector.styles/images/link-external-small-ltr-progressive.svg?fb64d,44.700000000186265
https://upload.wikimedia.org/wikipedia/commons/6/65/Lock-green.svg,141.79999999981374
https://upload.wikimedia.org/wikipedia/commons/4/4d/Icon_pdf_file.png,140.6000000005588
mwStartup,0
https://en.wikipedia.org/w/load.php?lang=en&modules=ext.gadget.ReferenceTooltips%2Cswitcher&skin=vector-2022&version=j1bg1,49.200000000186265
https://en.wikipedia.org/w/load.php?lang=en&modules=ext.visualEditor.core.utils.parsing%7Cext.visualEditor.desktopArticleTarget.init%7Cext.visualEditor.progressBarWidget%2CsupportCheck%2CtargetLoader%2CtempWikitextEditorWidget%2Ctrack%2Cve&skin=vector-2022&version=19n5q,54.299999999813735
https://en.wikipedia.org/w/load.php?lang=en&modules=ext.centralNotice.bannerHistoryLogger%2CchoiceData%2Cdisplay%2CgeoIP%2CimpressionDiet%2CkvStore%2ClargeBannerLimit%2ClegacySupport%2CstartUp%7Cext.centralauth.ForeignApi%2Ccentralautologin%7Cext.checkUser.clientHints%7Cext.cite.ux-enhancements%7Cext.cx.eventlogging.campaigns%7Cext.cx.model%7Cext.cx.uls.quick.actions%7Cext.echo.centralauth%7Cext.eventLogging%2CnavigationTiming%2Cpopups%2CwikimediaEvents%7Cext.growthExperiments.SuggestedEditSession%7Cext.uls.common%2Cinterface%2Cpreferences%2Cwebfonts%7Cext.urlShortener.toolbar%7Cjquery%2Coojs%2Csite%7Cjquery.client%2CmakeCollapsible%2CtextSelection%7Cjquery.uls.data%7Cmediawiki.ForeignApi%2CString%2CTitle%2CUri%2Capi%2Cbase%2Ccldr%2Ccookie%2Cexperiments%2CjqueryMsg%2Clanguage%2Cstorage%2Ctoc%2Cuser%2Cutil%2CvisibleTimeout%7Cmediawiki.ForeignApi.core%7Cmediawiki.editfont.styles%7Cmediawiki.libs.pluralruleparser%7Cmediawiki.page.ready%7Cmediawiki.page.watch.ajax%7Cmw.cx.SiteMapper%7Coojs-ui.styles.icons-interactions%7Cskins.vector.clientPreferences%2Cjs%7Cskins.vector.icons.js%7Cwikibase.client.vector-2022%7Cwikibase.sidebar.tracking&skin=vector-2022&version=1bb0a,122.79999999981374
long-animation-frame,52
first-paint,0
first-contentful-paint,0
https://en.wikipedia.org/w/load.php?lang=en&modules=ext.cite.referencePreviews%7Cext.math.popup%7Cext.popups.main&skin=vector-2022&version=4qtti,56.60000000055879
https://en.wikipedia.org/w/load.php?lang=en&modules=mw.config.values.wbCurrentSiteDetails%2CwbRepo%7Coojs-ui.styles.icons-editing-core&skin=vector-2022&version=1aebt,50.299999999813735
https://login.wikimedia.org/wiki/Special:CentralAutoLogin/checkLoggedIn?type=script&wikiid=enwiki,43
https://en.wikipedia.org/static/favicon/wikipedia.ico,62.39999999944121
https://en.wikipedia.org/w/load.php?modules=skins.vector.icons.js&image=appearance&format=original&lang=en&skin=vector-2022&version=15pdp,55.60000000055879
https://en.wikipedia.org/w/load.php?lang=en&modules=skins.vector.search.codex.scripts%7Cvue&skin=vector-2022&version=1f35r,61